Connor Borie connor@hollandhomesllc.com
Dylan Shulstad dshulstad@papertransport.com
Elizabeth Morrissey emorrissey@rti-mn.com
Mason Ferguson mferguson@nettech.net
Suzanne Patten suzanne.patten@chomps.com
Alex Overhue aoverhue@atomicdata.com
Joel Aman jaman@coadvantage.com
Andrew Sparks asparks@navigatehousing.com
John Beasley john@prohibitioncharleston.com
Hagan Smith hagan.smith@pptsinc.com
Riley Conaway riley.conaway@flywheelenergy.com
Kristy Johnson kristy.johnson@benedictineliving.org
Callie Kennedy calliek@riverwoodhomesnwa.com
Jakob Lejman jakob.lejman@hmmusa.com
Henry Mercer hmercer@abmna.com
Caroline Turochy caroline.turochy@auburn.edu
Jessie Brewer jessie.brewer@andersoncf.com
Thomas Tan Le thomas.le@bwbmn.com
Bryant Kwilecki bkwilecki@kait8.com
Skylar Dueck skylar.dueck@us-solar.com
Heath Cermak hcermak@clearcompany.com
Kalesha Smith kalesha.smith@gdit.com
Veneshia White vwhite@palmettoinfusion.com
Abraham Kim akim@thesociallights.com
Alexander Knox aknox@miller-mfg.com
Cartwright Morris cartwright@cornerstonecoachingal.com
Scott Phillips sphillips@sfm.biz
Duncan Ouko douko@par.com
Emily Drake edrake@auxosolutions.io
Angel Villagomez Martinez angel.martinez@superior-ind.com
Haroun Kim hkim@waltonartscenter.org
Emily Puls emily.puls@babylist.com
Tommy McGowan tommy.mcgowan@paulinc.com
Jackson Mealor jmealor@rmxglobal.com
Elliot Schaff eschaff@wasabi.com
Dakota Grashot dakota.grashot@atlastube.com
Sarah Gilliam sgilliam@centrosolves.com
Joe Trainor jtrainor@stanleymartin.com
Jeffrey Sloma jsloma@tectaamerica.com
Aly Larson aly.larson@helium10.com
Elizabeth Thomas ethomas@masterbuilt.com
Dan Parker dparker@pldevelopments.com
Edwin Hammond ehammond@aikenstandard.com
Victor VanGorden victor@greson.com
Zakary Goodmanson zakary@crownrent.com
Dallas M. Hisnanick dallas.hisnanick@binarydefense.com
Noah Kuehn noah.kuehn@comfortmedical.com
Jordan Brann jordan.brann@sybridge.com
Justyce Yuille jyuille@naacpldf.org
Lance De Loach ldeloach@itac.us.com
Kelby Clark kclark@bibank.com
Maggie Gant maggie.gant@irtc-hq.com
Alexis Jones alexis.jones@marriott.com
Tanner Reeves, GSP tanner@altecnueco.com
Erika O'Grady eogrady@welltower.com
Garrison Kiefer gkiefer@umn.edu
Kyle Thompson kyle.thompson@interapt.com
Paine Cole pcole@yellawood.com
Montasir Hossain. MBA montasir.hossain@mozarcmedical.com
Cody Ortloff cortloff@mallofamerica.com
Nathanial Kacer nathanial@andrewtool.com
Mckenzie Ruble mckenzie@aps-hr.com
Parley Caldwell pcaldwell@sbxtech.com
Andy Harrison aharrison@res.us
Isabel Baghdady ibaghdady@seamonwhiteside.com
Cody Snowdon cody.snowdon@apptegy.com
Michael Cribb mcribb@apa1906.net
Carlos Restrepo carlos@getsageconsulting.com
Chris Lowery clowery@macleanpower.com
Ross Sloan rsloan@alcancercare.com
George Nield george@shipcamel.com
Kathleen Wilson kathleen.wilson@russellmedcenter.com
Shannon Franks sfranks@ptcoa.com
Addison Andrix aandrix@evanstrans.com
Summitt Wright summitt.wright@fedex.com
Mitchell Sheaffer msheaffer@jimnnicks.com
Chloe Shaw chloe.shaw@serendipitylabs.com
Daniel Doherty ddoherty@gatelesis.com
Marek Poplawski mpoplawski@braunintertec.com
Nicholas Collins ncollins@iaapartners.com
Derek Stallworth, M.P.H. dstallworth@maynardnexsen.com
Nicholas Gomez ngomez@access-genetics.com
Natalie Read natalie.read@bjcc.org
Amber Betts amber.betts@supplypike.com
Tyler Bates tbates@spectratechnologiesllc.com
Kade Cannon kade.cannon@army.mil
Bruce Lee bruce.lee@crossfuze.com
Mikieya Reed-Garcia mreed-garcia@careinitiatives.org
Emily Karpenske emily.karpenske@bwbmn.com
Jordan Allen jallen@thorne.com
Melissa Venedicto melissa.venedicto@braccomedtech.com
Stevie Videnich stevie.videnich@commonbond.org
Kimberly King kking@househasson.com
Timberland Cheeks timberland.cheeks@mckenneys.com
Emily Grady emily@kidsabaservices.com
Julie Nagler jnagler@bhc.com
Jack Pepin jpepin@gertens.com
Richard Gaston richard.gaston@central.aero
Kerry Cook, SHRM-CP kerry.cook@adaptforward.com
Ellery McGuffey ellery.mcguffey@s3inc.com
Tiffany Pickens tiffanyp@gabriellawhite.com
Alex Doucette alex.doucette@roerscompanies.com
Tina Sofio tsofio@goldenberglaw.com
Cathal Andrew Moroney cmoroney@umn.edu
Tenessia Robertson trobertson@catl.com
Keith Brown kbrown@cornerstonecaregiving.com
Sophia Brough sbrough@hgdlawfirm.com
Vaibhav Patel vpatel@microbiologics.com
Lenin Vazquez lvazquez@communityworkscarolina.org
Ellie Morgan Miles, MSBA ellie.miles@gregoryconstruction.com
Romar Daniel romardaniel@marcushotels.com
Ethan Agan eagan@casestatus.com
David Green david.green@galapagosllc.com
Grace McNeill mcneill@sc.edu
Shelby Dean shelby.dean@coastalkidsdental.com
Matthew Hall matthew.hall@elior-na.com
Nick Mallett nmallett@hepaco.com
Aldon Severson, PMP aseverson@mdaleadership.com
Emma Louise Berger emma.berger@newrangecoppernickel.com
Shamar Betts shamar.betts@i3-corps.com
Parker Benkstein pbenkstein@summitre.net
Jae'Ques Brown jbrown@capitaltrailways.com
Caleb Bozard cbozard@postandcourier.com
Tulu Bekele tulub@flamemetals.com
Will Leavitt will.leavitt@bwbmn.com
Joshua Scott jscott@marshalltown.com
Morgan McConnell morgan@elminfo.com
Logan Henderson logan@kitehillbrewing.com
John Cowart john.cowart@epscorp.com
Rebecca Koltun rkoltun@thinkingahead.com
Alexis DeBace alexis.d@unrl.com
Juwan Parker jparker@acaconnects.org
Brett Spradley brett@seanwilsonlaw.com
Hallie Leffingwell hleffingwell@microbiologics.com
Nicholas Hoyhtya nhoyhtya@3m.com
Johnathan Parks johnathan.parks@gttsi.com
Sean Paul Kehren sean@northstarlaw.com
Caitlin Wolff caitlin.wolff@smrls.org
Amber Smith asmith@fgp.com
Claudia Blohm cblohm@partnersmn.com
Michael Holbrook michael.holbrook@htcinc.net
Kimberly Jennings kjennings@powergridservices.com
Dylan Jones djones@echosearchgroup.com
Eric Harp eric.harp@cybercoders.com
Dakota Meissner dmeissner@multi-craft.net
Lilli Lewandowski lilli.lewandowski@christensenfarms.com
Haseeb Faiz haseeb.faiz@infirmaryhealth.org
Sarah Loken sloken@bernicklifson.com
Ryker Webb ryker@vertdigital.com
Jimmy Murphy jmurphy@seilerlaw.com
Brendan McKevitt bmckevitt@dbat.net
Julia Finn jfinn@dmshb.com
Alisha Hodgin, RN, MSN, NE-BC, AMB-BC a.hodgin@uabmedicine.org
Antonio Bostic abostic@invariant-corp.com
Kathryn Germick kgermick@bgcmn.org
Cameron Sparks cameron@cornellanddiehl.com
Elsa Beise elsa.beise@wild.com
Jackson Marsh jmarsh@yellawood.com
Faith Dillard faith.dillard@peakgenetics.com
Anna Leigh Allen annaallen@instagram.com
Andrew Lindmeier, MHA andrew.lindmeier@myomc.org
Macy Harder mharder@greenspring.com
Brendon Mathews, MBA bmathews@peppersource.com
Alex Cook alex@fabercnkstone.com
Opeyeoluwa Olanipekun opeyeoluwa.olanipekun@tmcf.org
Grant Schaffer grantschaffer@gogreenway.com
Timothy Dudley tdudley@southernaluminum.com
Graham Brown graham.brown@greenlight.guru
Slaton Zills szills@msrc.com
Holly Hilgert hhilgert@hometowncu.coop
Sovan Shrestha sshrestha@tulane.edu
Vaishnavi Kanduri vaishnavi@dilisigroup.com
Rajeshwari Chellappan chellappan.rajeshwari@imanislife.com
Sam Loeffler sam.loeffler@scanco.com
Yazan AlJamal yazan.aljamal@mayoclinic.com
Stone Hymes stone.hymes@fnamerica.com
Nolan Garcia ngarcia@talley-riggins.com
Kelsey Vaughn kelsey.vaughn@fortive.com
Hartley Thomley hthomley@continental.aero
Jay Leonard jleonard@relyonpdi.com
Jackson Berge jberge@labconnect.com
Marianella Gillum mgillum@soneparusa.com
Alexa Hoffer, PA-C ahoffer@unitedfamilymedicine.org
Jacqueline Frietze jacqueline.frietze@car-mart.com
Lucy Diaz ldiaz@umn.edu
Dania Alcala Bravo dbravo@servisfirstbank.com
Samuel Warren s.warren@strategiceducation.com
Megan Ratka megan.ratka@peakgenetics.com
Ian Rutgers irutgers@322hg.com
Ryan Walczak ryan.walczak@daltile.com
Preston Hays preston.hays@suntex.com
Shaakir Banow shaakir.banow@cpcworldwide.com
Remi Starr remi@haltiffanyinsurance.com
Bradley Markham bmarkham@naderspestraiders.com
Cole Malone cole.malone@mattel.com
Addison Swope aswope@giltnerlogistics.com
Austin Flaherty aflaherty@teamaet.com
Cannon Rodgers crodgers@solarcycle.us
Olivia Ratajczyk oratajczyk@volkartmay.com
Dawson Shugarts dshugarts@rusken.com
Kailee Babb kailee.babb@allenlund.com
Elizabeth Smith elizabeth.smith@e-o.solutions
Emily Varner emily.varner@logicinfo.com
Ahmed Nasman anasman@larkinhoffman.com
Jacob Olson j-olson@aecc.com
Isabella Powers isabella.powers@tripleshift.com
Greg Halsey, PhD greg.halsey@envedabio.com
Charity Robertson crobertson@hfcristorey.org
Lindsey Grask lgrask@nationalcorporatehousing.com
Taylor Ward tward@mindfulhealthsolutions.com
David Fahrer david.fahrer@delts.org
Bailey Dawes bailey.dawes@vetsez.com
Hutson Breckenridge hutson.breckenridge@faulkner.edu
Nemisa Samanthapudi nsamanthapudi@purdue.edu
Chase Yanisko cyanisko@atccorp.com
Jessica Henson jessica.henson@sesllc-us.com
Drake Young dyoung@crcsc.net
John Seidl john.seidl@hdrinc.com
Drew Chiles drew.chiles@pcsretirement.com
Tarah Beyers tarah.beyers@sezzle.com
Justin Hankemeier jhankemeier@pdw.ai
Cole Mcgarr cole.mcgarr@usu.edu
Ryan Abner rabner@hkpoveteransacademy.org
Shane Flaherty shane@pipelineconsultingllc.com
Nayely Andrade Rodriguez nrodriguez@walsercareers.com
Deiondra Boyd deiondra.boyd@healthgram.com
Amy Athing amyathing@davidson-tech.com
Nathaniel Robinson nrobinson@shipsims.com
Diana Darr ddarr@houstonmethodist.org
Kevin Peters kevin.peters@turnberrysolutions.com
Hannah Gillespie hannah.gillespie@arocha.us
Meg Walker meg.walker@auburn.edu
Brianna Mannavong bmannavong@oatey.com
Joseph Arnold jarnold@ua.edu
Harleigh Gathright hgathright@oliverlawfirm.com
Connor Brewer connor.brewer@allenlund.com
Calista Pushman calista.pushman@atriumhealth.org
Kreg Keiffer kreg.keiffer@inmodemd.com
Wyatt Eason wyatt.eason@walmart.com
Joey Steele jsteele@countryclubofcharleston.com
Katie Russell, MPH katierussell@sociallydetermined.com
Luke Van Zandt lvanzandt@abelconn.com
Tess Glenzinski tessg@e-ulaw.com
Colt Meads cmeads@kimberamerica.com
Brennen Merriam brennen.merriam@ispineclinics.com
Giovanni Gallina giovanni@ebitdacatalyst.com
Nick Parise nick@sweetwaterpe.com
Anastasiya Antanovich anastasiya@ontimetalent.com
Jens Albright j.albright@seeclearfield.com
Jakob Ledbetter jakob@atxdefense.com
Michael Bentley mbentley@muinzer.com
Cannon Sloan csloan@clarityinnovates.com
Deondre' Castleberry dcastleberry@msmtechinc.com
William Kaiser kwilliam@sportechinc.com
Richard Merlino richard@jscoenterprises.com
Kennan DeShambo kennand@lcojlaw.com
Madeline Pence, MMS, PA-C madeline.pence@epiphanydermatology.com
Zachary Lea zlea@umn.edu
Taylor Chona tchona@amarok.com
Taylor Salazar tsalazar@watertechinc.net
Brandi English benglish@uab.edu
Taylor Roquet taylor.roquet@nvent.com
D'Lanie Perry dlanie.perry@travelers.com
Cedric Hill cedric.hill@armtecdefense.com
Natalie Brimer natalie.brimer@teamtag.com
Chika Okpobiri chika.okpobiri@allinahealth.org
Noah Patterson npatterson@utilitypartners.com
Dylan Duncan dylan.duncan@moxfive.com
Steven Lawver slawver@maxwellhca.com
Kinzee Miest kinzee.miest@isginc.com
Savannah Cook savannah.cook@inlinelighting.com
Carson Andrew carsona@jearlogistics.com
Joseph Lee joseph@thejohnsoninstitute.org
Mya Schmeling mya@huotcs.com
Lucas Bowers lucas@msahealthcare.com
Gabrielle Hamilton ghamilton@gmgenvirosafe.com
Catherine Kane catherine@macalestersummit.com
Rebekah Watson, MBA rebekah@koala.health
Sydney Mitcham Taylor sydneyt@allsearchinc.com
Callie Free cfree@yourhealth.org
Mason Cloy mason@hoyerinvest.com
Chandler Mack chandler.mack@scmuseum.org
Danny Ogranovich dogranovich@alliant-inc.com
Alexie Stephani alexie.stephani@knowyourrights.com
Tom Forster tom.forster@decopac.com
Bree Miller James bjames@tridenthealthsystem.com
Bobby Merchant bobby.merchant@coremaintenance.com
Neangcolmonyrek Suon nsuon@umn.edu
Scott Stephens sstephens@thorne.com
Gillian O'Brien gobrien@steinberglawfirm.com
Beth Tsehay btsehay@polarsemi.com
Abby Patterson a.patterson@flymgm.com
James Sherrod james.sherrod@austalusa.com
Ashley Hatch ashley.hatch@neurostar.com
Bennett Harris bennett.harris@auburn.edu
Nathan Hyche nathan.hyche@oralartsdental.com
Jacob Hewitt hewitt.j@thomasandhutton.com
Darian Thompson dthompson@landmark-sc.com
Sam Batistich sbatistich@messerlikramer.com
Scotland Kraker skraker@dfl.org
Ty West twest@goodwillar.org
Tasha Curry tasha.curry@greenpointag.com
Grace Tiwari gtiwari@farmland.org
Dr. Aleisha C. Coins, LPC, NCC, BC-TMH dr.coins@timelycare.com
Chandler Atkinson catkinson@wistv.com
McKenna Caulfield mckenna@mngolf.org
Peyton Taylor ptaylor@point-broadband.com
Jessica Parra jparra@umn.edu
Stacy McKinley stacy.mckinley@pro-fabrication.com
Ben Rode ben.rode@sunstreamservices.com
Kaleb Feia kaleb.feia@histosonics.com
Keaton Kluever kkluever@gardner-webb.edu
Laura Lemoine laura.lemoine@hexagonusfederal.com
Talesha Orum torum@sms.com
Kendra Cox, LMSW, BA, AA kendrac@newhopetreatment.com
Rhea Joshi rjoshi@umn.edu
Eugene Carmichael ecarmichael@linksol-inc.com
Erin Whitfield erin.whitfield@padgettlawgroup.com
Corey Hill corey.hill@hyperion-solar.com
Hannah Prothero hprothero@bsgretailteam.com
Isabella Davis idavis@wect.com
Justin Selbo jselbo@kinney.com
Tevin Wallace twallace@samford.edu
Samantha Erickson samantha.erickson@healthpartners.com
Joshua Hopkins jhopkins@bluemarlincolumbia.com
Ahna Fleming ahnafleming@dailyorange.com
Faith Holm fholm@valleyfair.com
Justin Otwell jotwell@raindropcarwash.com
Haleigh Jinks haleigh.jinks@martinretail.com
Taylor Waligora twaligora@ufpt.com
Apostolos Stamenos astamenos@umn.edu
Garrett Fuller garrett.fuller@hmttank.com
Samantha Waldvogel swaldvogel@gassen.com
William Pritchett wpritchett@yellawood.com
Bennett Poganski bpoganski@polarsemi.com
Patrick Pajerski patrick.pajerski@befesa.com
Cassandra Bauer cbauer@leighton.media
Madison Register madison.register@nelsonmullins.com
Sue Vang svang@vasc.com
Tucker Pinkerton tucker.pinkerton@robinsonfresh.com
Spencer White swhite@mndaily.com
Conrad Klem conrad.klem@mmsus.com
Terry Cheney terry.cheney@edgile.com
Claire Bullard claire.bullard@stthomas.edu
Carrie Hughes carrie.hughes@nationalassemblers.com
Amon Maki-Nelson amaki-nelson@savatree.com
Gina Giambruno ggiambruno@hensonefron.com
Frankie Weiss frankie@peterslawplc.com
Analycia Willier-O'Connor analycia.willier-oconnor@mativ.com
Robert Cox robert@lucysauburn.com
Mohammed Obaidan mobaidan@nephronpharm.com
Devlin Epding depding@marketplace.org
Tarah Reece treece@stewardmachine.com
Jade Larson jlarson@imslegal.com
Gabriel Chein gchein@dewittllp.com
Jack Tallant jack@gm-tx.com
Lauren Hayes lhayes@accordantco.com
Zachary Smith zachary.smith@rwc.com
Edward McCormick emccormick@parkerlawgroupsc.com
Ethan Hoeschen ehoeschen@waldeckpa.com
Riley Floersch rfloersch@wearemoore.com
Donna Whipple donna@christensensampsel.com
Matthew Cullen mcullen@bankcherokee.com
Elle Powell epowell@usga.org
Nicholas Kinard nicholas.kinard@earthfare.com
Adelaine Wornom adelaine_wornom@stratascale.com
Kate Young kate.young@syntiron.com
Maya Geving mgeving@forumcomm.com
Caroline Kelly caroline@jjpragency.com
Rebecca Scepaniak rscepaniak@foxrothschild.com
Elizabeth Ledin, CCLS elizabeth@inheritanceofhope.org
Andrew Lintag a-lintag@altertrading.com
Caden Pratt caden.pratt@abcsupply.com
Deshawn Bowens deshawn.bowens@crossfuze.com
Nansy Mekhail nansy.mekhail@zimmreed.com
Devanshi Patel dpatel@southernfirst.com
Sarah Combs scombs@burr.com
Sudeep Joshi sjoshi@nsf.gov
Tieranni Griffin tgriffin@thehiringgroup.com
Kaitlyn Michael kmichael@postandcourier.com
Shihab Abdelrahim sabdelrahim@clemson.edu
Jared Sauer jared@astranis.com
David Leonardo Saavedra dsaavedra@waengineering.com
Matthew Skinner mskinner@raverg.com