Berkey
Mohit Rathi mohit@berkey.biz

Dan Gusanders
Alex Seither aseither@pure-processing.com

Allison Niemela
Caleigh Mason caleighm@bataviaparks.org

ROY TOTEMOFF
Paige Trotter ptrotter@tatitlek.com

Aaron Johnson
Jackson Smith jackson.smith@farmcreditil.com

Tim Bauer's
Hung Phan hphan@dcmllc.com

Buck
Tom Wilson tom.wilson@bucks.com

Joe Hoff
Aryan Chauhan achauhan@ast-inc.com

N. O. K.-
Taylor Galloway taylor.galloway@kin.com

Alex Segura Ph
Sebastian Cerwinka sebastian@showdrop.com

Arjun Thirukonda
Kyle Smith kyle.smith@regedge.com

Zooma
Chip Valentine chip@zooma.io

W Diversey
Maxwell Nawara maxwell@digitalsystemsav.com

Mikey Heinz
Zak Kelley zakk@brightplanetsolar.com

Bob Buchsbaum
Karolina Hajnos, MBA k.hajnos@dickblick.com

Jay Buckmaster
Catrina Hartmann chartmann@crymca.org

Misty Dykema
Megan Thomasson megant@simantel.com

Paul Barham
James Pericles II jii@dakotasoft.com

Oscar Güntert
Jeffrey Ready jeffrey.ready@schwanog.com

Jason Staiger
Kari Ludvigson kari.ludvigson@legacymarketing.com

Zachary Taylor Davis
Hannah Tschetter htschetter@hotelzachary.com

Ed Wolfe
Madeline Mollman mmollman@wolferesearch.com

Danilo Coité
Amber Krejsa akrejsa@independenceplus.com

Jay Laabs
Ashley White awhite@spauldingridge.com

View Max Clemons'
Morgan Furmaniak morgan.furmaniak@congobrands.com

Yige Li Ph.
Frances Wu frances@iqhibattery.com

Steven Levy
Samuel Largent slargent@sudlerchicago.com

Jim Yu
Brady Jarosinski bjarosinski@brightedge.com

Patrick McKay
Valeriya Gritsenko vgritsenko@360chicago.com

Markus Brettschneider
Thomas Lechtenberg thomas.lechtenberg@viega.us

Ken Mungan
Jacob Alvey jacob.alvey@milliman.com

Steve
Madelaine Triebold madelaine.triebold@kemperlesnik.com

Doug Cayce
Robert Perritano rperritano@transchicago.com

David Hart
Nicholas Ceranek nicholas.ceranek@cannabistcompany.com

Jeff Olson
Eli Eckhaus eeckhaus@novaspect.com

Samiha Akbari
Sri Paidipelly sri@deltaphiomega.org

Joe Rapine's
Paige Firmin paige@absolutemedical.com

Charles Matthews
Jonathan Uriostegui juriostegui@peoplesgasdelivery.com

Lindsay Amstutz
Cameron Orsi cameron@mstutz.com

Rockford Blacktop
Faye Maxine Daria fdaria@williamcharlesconstruction.com

Michael
Victoria Lipscomb, CFP vlipscomb@geometricadvisors.com

Stephen Levine
Gabriella Rakestraw gabriella.rakestraw@cgmpconsulting.com

Gregory J. Purcell
Bradley Wenner bwenner@arborpic.com

Andrea Masvero
Abigail Cormier abigail@theechonews.com

John E. Maupin Jr.
Michael Taylor, MBA michael.taylor@ehab.com

Gorjana
Kylie Lavinsky kylie@gorjana.com

Rockford Ball Screw's
Zachariah Zwiger zachariah.zwiger@rockfordballscrew.com

Sana Hassan
Marahy Martín Pérez marahy.perez@pricelabs.co

Andrew Bednar
Thomas Kavanaugh tkavanaugh@pwpartners.com

Jigsaw Medical
Morgan Bond morgan@jigsawmed.com

Wacker Drive
Christina Guerrero cguerrero@ihda.org

Santander
Anabella Sotillo Gomez agomez@pb-santander.com

David J. Katz
Amanda Lacy lacya@randa.net

Michel McCord
Allyson Little allyson.little@illinoismutual.com

Tom Stoneburner
Julia Brylak julia.brylak@tkda.com

Leo Zemaitis'
JR -Jugoslav Rojina jr@truckingexp.com

Christopher Harton
Kathryn Morrissey kmorrissey@greencurtainevents.com

Maryellis Bunn's
Julia Killelea julia@museumoficecream.com

Phillip Gerber
Rylan Turner rturner@scholarships.com

Anna McMurphy
Abby Ryan abby@mountain.com

Duane Barnes
Sahib Gasimov sahib.gasimov@rapidscale.net

Katherine Baicker
Zuri Cofer zuricofer@uchicago.edu

Barry HowardBarry
Kelly E. Ceh kellyc@corespaces.com

Katie Stevens
Stephen Ruiz sruiz@reliamed.com

Doug Fabick
Joe Duncan joe.duncan@fabickcat.com

Nancy Wright
Lillian Ryan lryan@girlscoutsgcnwi.org

Ziad Ghanem
Alex Rosal, CPA arosal@terrascend.com

Lynn Osmond
Sheila Arellano sarellano@architecture.org

Bob Carrigan
Natalie Whalen natalie@truefirestudios.com

Michael Butler
Ben Lee blee@cascadiacapital.com

Tatsuya Nishimoto
Krasi Lenard krasi.lenard@nidec.com

Jim Stutelberg
Kyle Langenstein kyle.langenstein@primient.com

Ruder Finn
Amanda Howard amanda.howard@ruderfinn.com

View Dennis Schoen's
Carlista Panyk cpanyk@researchednutritionals.com

Joshua Tatum
Mark Madden mark.madden@carputty.com

James L. EccherChairman
Iain Purdom ipurdom@oldsecond.com

Riley Modern Skincare
Krystian Labanowski krystian.labanowski@sundayriley.com

Tom Zhang
Khalil Muhammad khalil@zenblen.com

Ryan Specialty
James (Jimmy) Gannon james.gannon@ryanspecialty.com

Jun 11, 2024
Charlie Aberle caberle@uturndata.com

Lawrence-R
Madison Kinczewski mkinczewski@gldd.com

Tanuj J. ·
Po-Ju Chen po-ju.chen@eulerity.com

No information found
Karli Skinner, LNHA kskinner@concertors.com

Leerink
Teresa Song teresa.song@leerink.com

Yureli White
Ally Metzger ally.metzger@pecnw.com

No information found
Kyle Myers kmyers@corespaces.com

J. Patrick Gallagher
Taylor McAdams taylor_mcadams@ajg.com

John Kissinger MSCEE '
Farouq Sellami farouq.sellami@graef-usa.com

Glen Ellyn
Jordan Rembrecht jordanr@pjtube.com

Campus Ink
Ava Polz ava@campus.ink

Harry Lamberton
Trevor Sheehan trevor@owstone.com

Balesh Sharma
Morgan Mallory morgan.mallory@ppfcredit.com

No information found
Robert Martinez robert.martinez@nobletecllc.com

No information found
Himnish Jain himnish.jain@aidash.com

No information found
Natasha González natasha.gonzalez@northwestern.edu

No information found
Cory Scull cscull@blackhawks.com

No information found
Nicole Pacasova npacasova@depaul.edu

Contractor
Joseph Kramer joseph@verticallightingcontrols.com

Dave Baldwin - Bio
Katie Kerr kkerr@chicagofirefc.com

Beyonca Johnson
Tia L. Ford tia@lifescorefoundation.org

Jude Fischer
Zachary Pick zpick@coilcraft.com

Jeff Lewis
Sydney McDaniel smcdaniel@shive-hattery.com

Kevin
Chantal Chacon chantal@masllc.net

Kevin
Abigail Ciprian abigail.ciprian@stryker.com

Richard Schwartz
Joe Stiffend jstiffend@winsupplyinc.com

No information found
Sydney Czerak sczerak@blackhawks.com

No information found
Michael Diryawish michael@atiquality.com

Aaron Cooper
Nick Debenedictis nick.debenedictis@oncoursehome.com

Paradigm
Nicholas Marchak nmarchak@paradigmse.com

No information found
Joseph Waite joseph.waite@hamstergarage.com

No information found
Colin Boettcher colin@homecarpetone.com

Amy R. Ayres
Tessa Buhl tessa@deltagamma.org

No information found
Jake Li jake.li@igolgi.com

No information found
Meagan Cook meagan.cook@ipscorp.com

No information found
Andrew Russell, CFA arussell@lindenllc.com

No information found
Jarrett Schiedemeyer jarrett@flyingeyesoptics.com

No information found
Austin Winslow austin@thecommencementgroup.com

No information found
Samuel Dotson samuel.dotson@jclicht.com

No information found
Emilie King emilie.king@blackburn.edu

Brian L. Roberts
Leah Brooks leah@xfinity.com

No information found
Billy Freund bfreund@walker-process.com

No information found
Preston Rutledge prutledge@lindenllc.com

No information found
Davis Kendrick davis.k@honeycombinsurance.com

No information found
Amreen Ahmed amreen@tackleai.com

No information found
Elizabeth Tabor elizabeth.tabor@askallegiance.com

No information found
Brianna Evers brianna@signaturemarketinginc.com

No information found
Scott Grabowski sgrabowski@md-athome.com

No information found
Gavin Gasperov ggasperov@houlihancapital.com

No information found
Erin Pletch epletch@aaahc.org

No information found
Michael Feldman michaelf@4feldco.com

No information found
Eunsung Koh eunsung@borgenproject.org

No information found
Derek Dodson ddodson@imagingessentials.com

No information found
Jingyao Gu jingyao@haystaqdna.com

No information found
Riya Jain riya@illinois.edu

Katherine Baicker
Tiffany Akinyoade takinyoade@uchicago.edu

No information found
Paul Dixon pdixon@binnys.com

No information found
Caden Eagler caden.eagler@edenpark.com

Mary Lou
Madelaine Perez madelaine.perez@eehealth.org

No information found
Max E. Rains mrains@cascadiacapital.com

Brian Webster
Jana Steibel jana.steibel@kestramedical.com

No information found
Jorge Correa jcorrea@augury.com

No information found
Jack Hamilton jack.hamilton@grindr.com

No information found
Michael Fiore mfiore@avenuelogistics.com

C3 AI
Nickolas Simons nickolas@illinois.edu

No information found
Hannah Wisdom hwisdom@rhythminfluence.com

Appiphony
Rebecca Williams rebecca@appiphony.com

No information found
Dominik Aurielle Datangel dominik.datangel@naffaa.org

No information found
Chris Dempsey chrisdempsey@truckcountry.com

No information found
Peyton Hartley peyton@whiteeaglegc.com

Dan Kost
Jarrell Frazier jarrell@sportsmedia.net

Leor Rabe
Griffin Gourguechon griffin@rotoballer.com

No information found
Joshua Butera joshua@pntfin.com

No information found
Madison Muno madison.muno@energybbdo.com

No information found
Felix Haba fhaba@nooks.ai

Taylor Katzman's
Kyla Peal kyla.peal@provi.com

Bob
Diana Tuebo dtuebo@harrisassoc.com

Natalie Brown
Aaron Eberhardt aaron.eberhardt@mesirow.com

No information found
Adam Miller a.miller@meritclub.org

Dan Strick
Jake Tarman, LGI jtarman@newstarservices.org

No information found
Andjela Radovanovic aradovanovic@1worldsync.com

No information found
Sri Hari Sivashanmugam sri.sivashanmugam@cityofchicago.org

No information found
Lexton Rockwell lrockwell@clarke.com

No information found
Nancy Zhang nzhang@uline.com

No information found
Margaret Boyle margaret@theredlion.com

No information found
Michael Kasprzyk michael.kasprzyk@inspirafinancial.com

No information found
Cody Sitterly csitterly@manhard.com

No information found
Sebastian Schmitt sebastian.schmitt@bigassfans.com

No information found
Cole Rappe cole.rappe@farmcreditil.com

Brian Barker
Brent Spack brent.spack@agreliantgenetics.com

No information found
Jennifer Orton jorton@midwesternsecurities.com

No information found
William Lucas wlucas@clarke.com

No information found
Claire Tatman claire_tatman@jtpr.com

Robert Cox.
Thomas MacDonald tmacdonald@chicagoclearing.com

No information found
Richard Truong-Chau richard.truong-chau@caltech.edu

No information found
Sara Tam stam@cdhcpa.com

No information found
Thomas Symalla tsymalla@belvederetrading.com

Sebastian Elghanian
Lucas Morena lucas@midwayvc.com

No information found
Nicholas Balko nbalko@fordpro.com

No information found
Andrew Ng andrew.ng@cmdglobal.com

No information found
Dustin Shidaker dshidaker@volatilityshares.com

No information found
Jacob Kraus jkraus@jhf.com

Evan Wayne
Nick Tooley nick@mykeylive.com

No information found
Lucas Swidler lucas.swidler@psdsolutions.com

No information found
Sarah Hagenbuch, CPA shagenbuch@vistria.com

No information found
Matthew Schaedel matthew.schaedel@westchester.com

No information found
Dixita Gupta dixitag@girlsincofchicago.org

No information found
Mario Vazquez mvazquez@parkwaybank.com

No information found
Tom Berard tberard@eurousa.com

No information found
Jack Balch jbalch@homepartners.com

No information found
Austin Lickenbrock alickenbrock@scu.org

No information found
Mauricio Angelito mangelito@golubcapital.com

No information found
Jessica Patti jessicap@alarcorp.com

No information found
Vani Ramesh vramesh@caiso.com

No information found
Jackson Best jbest@abmna.com

No information found
Rushita Soni rsoni@thecitiesproject.org

No information found
Noah Baer nbaer@thomabravo.com

No information found
Sam Fradin sfradin@r2.me

No information found
James Te james.te@massinteract.com

No information found
Reily Stone rstone@revealdata.com

No information found
Estelle Sophia Mendoza emendoza@avantaraaurora.com

No information found
Dennis Hogan dennis.hogan@ironbeam.com

No information found
Lily Gonzalez lily.gonzalez@projectdestined.com

No information found
Michael Arnashus michael@avproductions.com

No information found
Naeif Rafeh nrafeh@nexamortgage.com

No information found
Melanie Doyle melanie.doyle@snntv.com

No information found
Ivan Kachin ikachin@cdhcpa.com

No information found
Silvia Burca sburca@millercooper.com

No information found
Dejan Lero dejan.lero@alianza.com

No information found
Mariah Blackburn mblackburn@landscapeconcepts.com

No information found
Madeline Gallinson mgallinson@michigantamid.org

No information found
Trinity Hatton trinityhatton@ku.edu

